setting,cp_mode,target_coverage,coverage,coverage_gap,avg_width,ces,rcs,point_mse,point_mae,comment
exchange_rate.csv_lags96_modelTransformer_cpacp_modeonline_seed0_ABLM0,acp,0.9,0.8198799199466311,0.0801200800533689,0.35147564530299735,0.445791969616775,0.31122771427371476,0.0539114624555712,0.16412513674621415,| ablation=M0
exchange_rate.csv_lags96_modelTransformer_cpacp_modeonline_seed0_ABLM1,acp,0.9,0.8365577051367579,0.06344229486324215,0.3335295175940598,0.4868898146516731,0.3735594140460954,0.06779150998134857,0.1866939294647756,| ablation=M1
exchange_rate.csv_lags96_modelTransformer_cpacp_modeonline_seed0_ABLM2,acp,0.9,0.8078719146097398,0.09212808539026018,0.31790570380095606,0.43083708333606274,0.2843363397459678,0.03674031122172542,0.1333727963424702,| ablation=M2
exchange_rate.csv_lags96_modelTransformer_cpacp_modeonline_seed0_ABLM3,acp,0.9,0.933288859239493,0.033288859239492985,0.5144856357797832,0.5050811985954323,0.43524828958886425,0.04274812319627006,0.15140131445790456,| ablation=M3
exchange_rate.csv_lags96_modelTransformer_cpacp_modeonline_seed0_ABLM4,acp,0.9,0.9352901934623082,0.03529019346230822,0.5073067656977492,0.5022941695842335,0.42897548135802266,0.0882164732599661,0.21464789080203048,| ablation=M4
exchange_rate.csv_lags96_modelReformer_cpacp_modeonline_seed0_ABLM0,acp,0.9,0.829219479653102,0.07078052034689797,0.22194861183913075,0.5032924032453383,0.385208408171967,0.009942757066533345,0.0770085442129689,| ablation=M0
exchange_rate.csv_lags96_modelReformer_cpacp_modeonline_seed0_ABLM1,acp,0.9,0.8325550366911274,0.06744496330887262,0.19426624372777979,0.5211729034596722,0.409416515175535,0.008632959049088418,0.07246993920468217,| ablation=M1
exchange_rate.csv_lags96_modelReformer_cpacp_modeonline_seed0_ABLM2,acp,0.9,0.8205470313542361,0.0794529686457639,0.22058928543435924,0.4826414149143618,0.3536816910509774,0.011260384979790584,0.07897923462337667,| ablation=M2
exchange_rate.csv_lags96_modelReformer_cpacp_modeonline_seed0_ABLM3,acp,0.9,0.9633088725817212,0.06330887258172113,0.3515483831690361,0.4818863333178064,0.36818056639617586,0.02041572253943676,0.1053083416146274,| ablation=M3
exchange_rate.csv_lags96_modelReformer_cpacp_modeonline_seed0_ABLM4,acp,0.9,0.962641761174116,0.06264176117411602,0.3673793297335386,0.47883197464296234,0.36559783526741135,0.010637029716454558,0.07737632662000718,| ablation=M4
exchange_rate.csv_lags96_modeliTransformer_cpacp_modeonline_seed0_ABLM0,acp,0.9,0.8425617078052035,0.05743829219479657,0.1415752785095085,0.5706391904661342,0.477957634564849,0.0024050834478949084,0.036539808614956114,| ablation=M0
exchange_rate.csv_lags96_modeliTransformer_cpacp_modeonline_seed0_ABLM1,acp,0.9,0.8632421614409607,0.03675783855903936,0.1333397026356422,0.651355621855242,0.5929777881746734,0.0021073705377602668,0.03393718259150611,| ablation=M1
exchange_rate.csv_lags96_modeliTransformer_cpacp_modeonline_seed0_ABLM2,acp,0.9,0.8579052701801201,0.04209472981987994,0.13529576808456217,0.6285005890841999,0.5609790915746088,0.0021655744150571475,0.03456218447971137,| ablation=M2
exchange_rate.csv_lags96_modeliTransformer_cpacp_modeonline_seed0_ABLM3,acp,0.9,0.9419613075383589,0.041961307538358916,0.18048050846187175,0.6073208063136163,0.5357138047294646,0.0019572335674184664,0.03251329121994398,| ablation=M3
exchange_rate.csv_lags96_modeliTransformer_cpacp_modeonline_seed0_ABLM4,acp,0.9,0.9613075383589059,0.0613075383589059,0.23616627116728406,0.5235420834543516,0.41764555844624035,0.002095936000293814,0.03385188986366805,| ablation=M4
exchange_rate.csv_lags96_modelPyraformer_cpacp_modeonline_seed0_ABLM0,acp,0.9,0.8619079386257505,0.038092061374249475,0.263760175780832,0.5839033989571633,0.5130558818278248,0.02626372268011212,0.12643163514962225,| ablation=M0
exchange_rate.csv_lags96_modelPyraformer_cpacp_modeonline_seed0_ABLM1,acp,0.9,0.8172114743162108,0.08278852568378925,0.21044419612412085,0.4778905783441916,0.3455299723912449,0.010604380655020266,0.07886155328562383,| ablation=M1
exchange_rate.csv_lags96_modelPyraformer_cpacp_modeonline_seed0_ABLM2,acp,0.9,0.8785857238158773,0.021414276184122727,0.22553515456078024,0.6676617711502334,0.628871577821053,0.014940835612764087,0.09322983916914755,| ablation=M2
exchange_rate.csv_lags96_modelPyraformer_cpacp_modeonline_seed0_ABLM3,acp,0.9,0.9479653102068045,0.0479653102068045,0.3618865043020975,0.5168644482537549,0.4254018808358858,0.03633246377949574,0.1514592336548531,| ablation=M3
exchange_rate.csv_lags96_modelPyraformer_cpacp_modeonline_seed0_ABLM4,acp,0.9,0.9633088725817212,0.06330887258172113,0.415933805396748,0.4637904815237174,0.34860757473707615,0.03284224724427127,0.13794902287435415,| ablation=M4
exchange_rate.csv_lags96_modelAutoformer_cpacp_modeonline_seed0_ABLM0,acp,0.9,0.8305537024683122,0.06944629753168785,0.37114502220816475,0.46270672586181233,0.34044537877889225,0.018639657344612304,0.10370940305524039,| ablation=M0
exchange_rate.csv_lags96_modelAutoformer_cpacp_modeonline_seed0_ABLM1,acp,0.9,0.8398932621747832,0.060106737825216805,0.3637640163495793,0.485786238223621,0.3761540394991367,0.01780825587356209,0.10271930731500588,| ablation=M1
exchange_rate.csv_lags96_modelAutoformer_cpacp_modeonline_seed0_ABLM2,acp,0.9,0.819212808539026,0.08078719146097402,0.3849888660908618,0.436297429915881,0.30037935651697034,0.019511251521813728,0.10850930751753031,| ablation=M2
exchange_rate.csv_lags96_modelAutoformer_cpacp_modeonline_seed0_ABLM3,acp,0.9,0.9633088725817212,0.06330887258172113,0.567569077040885,0.42610582367338956,0.30981794738481533,0.015506316000381486,0.09398362407752196,| ablation=M3
exchange_rate.csv_lags96_modelAutoformer_cpacp_modeonline_seed0_ABLM4,acp,0.9,0.9666444296197465,0.06664442961974648,0.6032327580923517,0.4123644567190956,0.29201226488145,0.01478021322332703,0.09586388811543944,| ablation=M4
exchange_rate.csv_lags96_modelFEDformer_cpacp_modeonline_seed0_ABLM0,acp,0.9,0.8358905937291528,0.06410940627084727,0.20115839844707287,0.5279661899164741,0.42037500585288307,0.005762180609665399,0.061915495787750935,| ablation=M0
exchange_rate.csv_lags96_modelFEDformer_cpacp_modeonline_seed0_ABLM1,acp,0.9,0.8332221480987325,0.0667778519012675,0.22966224785382586,0.5110932449753999,0.39792207549496866,0.007162225540249169,0.06460112385269133,| ablation=M1
exchange_rate.csv_lags96_modelFEDformer_cpacp_modeonline_seed0_ABLM2,acp,0.9,0.8825883922615076,0.017411607738492374,0.15084186237142996,0.7332414914225108,0.7062332165792219,0.004006871090082908,0.05143643748431433,| ablation=M2
exchange_rate.csv_lags96_modelFEDformer_cpacp_modeonline_seed0_ABLM3,acp,0.9,0.9773182121414277,0.07731821214142764,0.25826981017086864,0.476651430609756,0.3483896157523725,0.003567991716750946,0.049238282737643364,| ablation=M3
exchange_rate.csv_lags96_modelFEDformer_cpacp_modeonline_seed0_ABLM4,acp,0.9,0.9726484322881921,0.07264843228819207,0.3544996900310327,0.46034471350209794,0.334490192724192,0.004932189512681086,0.05620923368732449,| ablation=M4
exchange_rate.csv_lags96_modelSCINet_cpacp_modeonline_seed0_ABLM0,acp,0.9,0.8605737158105403,0.039426284189459704,0.1296106297843819,0.6421557499702736,0.5796918355834737,0.002093547473111087,0.034129351590281035,| ablation=M0
exchange_rate.csv_lags96_modelSCINet_cpacp_modeonline_seed0_ABLM1,acp,0.9,0.8652434956637759,0.034756504336224125,0.132459774915134,0.660441019819556,0.6055386440117513,0.0019075343170578817,0.0316480052231993,| ablation=M1
exchange_rate.csv_lags96_modelSCINet_cpacp_modeonline_seed0_ABLM2,acp,0.9,0.8552368245496998,0.044763175450300174,0.12673890417414743,0.6222728182745025,0.5512772042059576,0.002042156188574094,0.03334966864392753,| ablation=M2
exchange_rate.csv_lags96_modelSCINet_cpacp_modeonline_seed0_ABLM3,acp,0.9,0.9366244162775184,0.036624416277518335,0.17093819297274856,0.6324281138191722,0.5706621281081808,0.0018709554126928717,0.03156102567905246,| ablation=M3
exchange_rate.csv_lags96_modelSCINet_cpacp_modeonline_seed0_ABLM4,acp,0.9,0.9633088725817212,0.06330887258172113,0.2227282342942084,0.5226898418576145,0.41477441687172384,0.0018024273882971023,0.031079406389659687,| ablation=M4
exchange_rate.csv_lags96_modelTSMixer_cpacp_modeonline_seed0_ABLM0,acp,0.9,0.8612408272181454,0.03875917278185459,0.30109959077191606,0.5661746881780922,0.4922863371955784,0.03327263498111988,0.13514609614886056,| ablation=M0
exchange_rate.csv_lags96_modelTSMixer_cpacp_modeonline_seed0_ABLM1,acp,0.9,0.8385590393595731,0.06144096064042692,0.18295713182586448,0.54215609797841,0.4397772706378247,0.004588084131086477,0.053305054779317955,| ablation=M1
exchange_rate.csv_lags96_modelTSMixer_cpacp_modeonline_seed0_ABLM2,acp,0.9,0.8465643762508339,0.053435623749166106,0.2620307395851892,0.5365172909485776,0.44079663836772404,0.019690504584377506,0.10818700481788954,| ablation=M2
exchange_rate.csv_lags96_modelTSMixer_cpacp_modeonline_seed0_ABLM3,acp,0.9,0.9593062041360907,0.05930620413609067,0.43918686689261294,0.46612197378124126,0.35600902208226787,0.030707451631946565,0.1298580913167022,| ablation=M3
exchange_rate.csv_lags96_modelTSMixer_cpacp_modeonline_seed0_ABLM4,acp,0.9,0.9606404269513009,0.060640426951300896,0.4734815888268545,0.4541675169200589,0.34179458541378027,0.05148251152063503,0.16370368531185653,| ablation=M4
exchange_rate.csv_lags96_modelTimesNet_cpacp_modeonline_seed0_ABLM0,acp,0.9,0.8599066044029353,0.04009339559706471,0.12936580192464397,0.639542460937415,0.5759899997839534,0.0021114287048794463,0.034156439068455065,| ablation=M0
exchange_rate.csv_lags96_modelTimesNet_cpacp_modeonline_seed0_ABLM1,acp,0.9,0.8699132755170114,0.030086724482988658,0.1535769280886616,0.6693450226454998,0.6203646508956753,0.002409981697138189,0.036912998333439764,| ablation=M1
exchange_rate.csv_lags96_modelTimesNet_cpacp_modeonline_seed0_ABLM2,acp,0.9,0.8579052701801201,0.04209472981987994,0.1356908156299454,0.6283044111272559,0.5607410249555759,0.002240996561419454,0.035318990645581,| ablation=M2
exchange_rate.csv_lags96_modelTimesNet_cpacp_modeonline_seed0_ABLM3,acp,0.9,0.9546364242828552,0.0546364242828552,0.19989119057340407,0.5562548041995519,0.46273274187419244,0.002326967794804953,0.03643489227191563,| ablation=M3
exchange_rate.csv_lags96_modelTimesNet_cpacp_modeonline_seed0_ABLM4,acp,0.9,0.9606404269513009,0.060640426951300896,0.2479704302514882,0.5213113850208655,0.4156834552601024,0.002375529041275639,0.03698472236135566,| ablation=M4
